Date,Month,Username,Item,Price,Category,Shoppingtype
12/3/2013,Dec-13,Stavan,MACY'S,85.47,C,ONLSTR
12/5/2013,Dec-13,Stavan,ATT*WI-FI SERVICES WAYPORT,14.95,S,ONLONL
12/7/2013,Dec-13,Stavan,ATT*WI-FI SERVICES WAYPORT,14.95,S,ONLONL
12/11/2013,Dec-13,Stavan,Firehaus,115,F,STRSTR
12/13/2013,Dec-13,Stavan,CHIPOTLE 0771,8.81,F,ONLSTR
12/14/2013,Dec-13,Stavan,CHIPOTLE 0771,8.81,F,ONLSTR
12/16/2013,Dec-13,Stavan,FANDANGO.COM,24.00,S,ONLONL
12/17/2013,Dec-13,Stavan,Subway,7.57,F,STRSTR
12/20/2013,Dec-13,Stavan,AMEREN ILLINOIS ONLINE PMT,217.17,S,ONLONL
12/22/2013,Dec-13,Stavan,ZARA,110.34,C,ONLONL
12/30/2013,Dec-13,Stavan,AMAZON.COM,320.99,E,ONLONL
1/1/2014,Jan-14,Stavan,APPLE.COM,356.79,E,ONLONL
1/3/2014,Jan-14,Stavan,FANDANGO.COM,24.00,S,ONLONL
1/9/2014,Jan-14,Stavan,PINSTRIPES S BARRINGTON IL,6,F,STRSTR
1/13/2014,Jan-14,Stavan,ZARA,179.51,C,ONLONL
1/14/2014,Jan-14,Stavan,Subway,7.57,F,STRSTR
1/14/2014,Jan-14,Stavan,FANDANGO.COM,24.00,S,ONLONL
1/20/2014,Jan-14,Stavan,AMEREN ILLINOIS ONLINE PMT,285.11,S,ONLONL
1/20/2014,Jan-14,Stavan,CHIPOTLE 0771,8.81,F,ONLSTR
1/21/2014,Jan-14,Stavan,COUNTY MARKET,21.35,G,STRSTR
1/21/2014,Jan-14,Stavan,MACY'S,115.66,C,STRSTR
1/22/2014,Jan-14,Stavan,Brother's,39,F,STRSTR
1/23/2014,Jan-14,Stavan,Legends,23.00,F,STRSTR
1/24/2014,Jan-14,Stavan,Murphy's,12,F,STRSTR
1/25/2014,Jan-14,Stavan,Brother's,52,F,STRSTR
1/27/2014,Jan-14,Stavan,WALMART,53.00,G,STRSTR
1/29/2014,Jan-14,Stavan,CHIPOTLE 0771,8.81,F,ONLSTR
1/30/2014,Jan-14,Stavan,Brother's,68,F,STRSTR
2/4/2014,Feb-14,Stavan,ZARA,75.62,C,ONLSTR
2/5/2014,Feb-14,Stavan,COUNTY MARKET,21.35,G,STRSTR
2/5/2014,Feb-14,Stavan,WALMART,25.00,G,STRSTR
2/11/2014,Feb-14,Stavan,Legends,35,F,STRSTR
2/13/2014,Feb-14,Stavan,Subway,8.58,F,STRSTR
2/13/2014,Feb-14,Stavan,MACY'S,245.11,C,ONLONL
2/14/2014,Feb-14,Stavan,COUNTY MARKET,21.35,G,STRSTR
2/14/2014,Feb-14,Stavan,SAVOY 16,16.00,S,ONLSTR
2/15/2014,Feb-14,Stavan,Murphy's,15,F,STRSTR
2/17/2014,Feb-14,Stavan,SWAROVSKI,110.55,C,STRSTR
2/18/2014,Feb-14,Stavan,AMAZON.COM,47.99,E,ONLONL
2/20/2014,Feb-14,Stavan,AMEREN ILLINOIS ONLINE PMT,244.65,S,ONLONL
2/22/2014,Feb-14,Stavan,COUNTY MARKET,21.35,G,STRSTR
2/24/2014,Feb-14,Stavan,CHIPOTLE 0771,8.81,F,ONLSTR
2/27/2014,Feb-14,Stavan,Legends,13,F,STRSTR
2/28/2014,Feb-14,Stavan,Murphy's,18,F,STRSTR
3/4/2014,Mar-14,Stavan,Subway,8.58,F,STRSTR
3/6/2014,Mar-14,Stavan,EINSTEIN'S #6182 STORE,1.48,F,STRSTR
3/7/2014,Mar-14,Stavan,NOODLES & COMPANY 9502,18.01,F,STRSTR
3/8/2014,Mar-14,Stavan,THE CRACKED TRUCK,25.00,F,STRSTR
3/8/2014,Mar-14,Stavan,MERRY ANNS DINER URBANA,15.85,F,STRSTR
3/10/2014,Mar-14,Stavan,POTBELLY 069,7.87,F,STRSTR
3/10/2014,Mar-14,Stavan,FLAT TOP GRILL #214,15.00,F,STRSTR
3/11/2014,Mar-14,Stavan,MERRY ANNS DINER URBANA,2.74,F,STRSTR
3/11/2014,Mar-14,Stavan,AMAZON.COM,52.16,E,ONLONL
3/12/2014,Mar-14,Stavan,AMBAR INDIA,19.60,F,STRSTR
3/12/2014,Mar-14,Stavan,Firehaus,78,F,STRSTR
3/12/2014,Mar-14,Stavan,CHIPOTLE 0771,8.81,F,ONLSTR
3/13/2014,Mar-14,Stavan,JOE'S BREWERY,10.89,F,STRSTR
3/13/2014,Mar-14,Stavan,Legends,16,F,STRSTR
3/14/2014,Mar-14,Stavan,CHIPOTLE 0771,8.81,F,STRSTR
3/14/2014,Mar-14,Stavan,STARBUCKS #09706 CHAMPAIG,4.11,F,STRSTR
3/14/2014,Mar-14,Stavan,Murphy's,12,F,STRSTR
3/16/2014,Mar-14,Stavan,EINSTEIN'S #6182 STORE,1.48,F,STRSTR
3/17/2014,Mar-14,Stavan,SUBWAY 00006429,7.12,F,STRSTR
3/18/2014,Mar-14,Stavan,THE CRACKED TRUCK,25.00,F,STRSTR
3/18/2014,Mar-14,Stavan,COUNTY MARKET,21.35,G,STRSTR
3/18/2014,Mar-14,Stavan,WALMART,84.00,G,STRSTR
3/19/2014,Mar-14,Stavan,THE CRACKED TRUCK,4.50,F,STRSTR
3/19/2014,Mar-14,Stavan,Brother's,83,F,STRSTR
3/20/2014,Mar-14,Stavan,BUFFALO WILD WINGS CHAMPAIGN,45.00,F,STRSTR
3/20/2014,Mar-14,Stavan,AMEREN ILLINOIS ONLINE PMT,233.48,S,ONLONL
3/20/2014,Mar-14,Stavan,ZARA,51.49,C,ONLSTR
3/21/2014,Mar-14,Stavan,CHIPOTLE 0771,8.81,F,ONLSTR
3/21/2014,Mar-14,Stavan,STARBUCKS #09706 CHAMPAIGN,5.20,F,STRSTR
3/21/2014,Mar-14,Stavan,BASIL THAI AT URBANA,10.35,F,STRSTR
3/24/2014,Mar-14,Stavan,CANTEEN VENDING,2.00,F,STRSTR
3/25/2014,Mar-14,Stavan,TACO BELL #16248,5.66,F,STRSTR
3/25/2014,Mar-14,Stavan,STARBUCKS #09706 CHAMPAIGN,4.38,F,STRSTR
3/25/2014,Mar-14,Stavan,Legends,45,F,STRSTR
3/27/2014,Mar-14,Stavan,DOMINO'S 2921,14.00,F,ONLONL
3/28/2014,Mar-14,Stavan,SUBWAY ,11.72,F,STRSTR
3/28/2014,Mar-14,Stavan,Brother's,45,F,STRSTR
3/30/2014,Mar-14,Stavan,COUNTY MARKET,21.35,G,STRSTR
3/22/2014,Mar-14,Rimi,AGACI,43.06,C,STRSTR
3/22/2014,Mar-14,Rimi,MIAMI NAILS,30.00,S,ONLSTR
3/22/2014,Mar-14,Rimi,PACSUN,21.75,C,ONLSTR
3/22/2014,Mar-14,Rimi,WALMART,127.91,G,STRSTR
3/20/2014,Mar-14,Rimi,NO. 7 SALON AND SPA,55.00,S,ONLSTR
3/19/2014,Mar-14,Rimi,CHARLOTTE RUSSE,10.78,C,STRSTR
3/19/2014,Mar-14,Rimi,PACSUN,21.75,C,ONLSTR
3/19/2014,Mar-14,Rimi,FOREVER 21,15.04,C,STRSTR
3/18/2014,Mar-14,Rimi,PANERA BREAD,6.56,F,STRSTR
3/17/2014,Mar-14,Rimi,COUNTY MARKET,1.85,G,STRSTR
3/16/2014,Mar-14,Rimi,TARGET,58.41,C,ONLONL
3/15/2014,Mar-14,Rimi,SUBWAY,3.87,F,STRSTR
3/14/2014,Mar-14,Rimi,H&M,24.75,C,STRSTR
3/14/2014,Mar-14,Rimi,SHELL OIL,46.16,S,STRSTR
3/14/2014,Mar-14,Rimi,FOREVER 21,50.26,C,STRSTR
3/14/2014,Mar-14,Rimi,SEPHORA,27.32,G,ONLSTR
3/13/2014,Mar-14,Rimi,SUBURBAN EXPRESS,29.95,S,ONLONL
3/12/2014,Mar-14,Rimi,COUNTY MARKET,2.34,G,STRSTR
3/12/2014,Mar-14,Rimi,LEGENDS,18.00,F,STRSTR
3/12/2014,Mar-14,Rimi,COUNTY MARKET,5.47,G,STRSTR
3/12/2014,Mar-14,Rimi,SUBURBAN EXPRESS,29.95,S,ONLONL
3/10/2014,Mar-14,Rimi,COUNTY MARKET,2.34,G,STRSTR
3/10/2014,Mar-14,Rimi,FOREVER 21,16.13,C,STRSTR
3/9/2014,Mar-14,Rimi,COUNTY MARKET,5.44,G,STRSTR
3/9/2014,Mar-14,Rimi,COUNTY MARKET,29.16,G,STRSTR
3/8/2014,Mar-14,Rimi,THE CLYBOURNE,6.00,F,STRSTR
3/8/2014,Mar-14,Rimi,CHIPTOTLE,6.84,F,STRSTR
3/6/2014,Mar-14,Rimi,SUSHI ROCK,33.60,F,STRSTR
3/6/2014,Mar-14,Rimi,WALMART,16.08,G,STRSTR
3/5/2014,Mar-14,Rimi,EL TORO BRAVO,34.00,F,STRSTR
3/3/2014,Mar-14,Rimi,WALGREENS,1.73,G,STRSTR
3/2/2014,Mar-14,Rimi,KFC,4.83,F,STRSTR
3/1/2014,Mar-14,Rimi,TORTILLARIA,17.00,F,STRSTR
2/27/2014,Feb-14,Rimi,COUNTY MARKET,2.34,G,STRSTR
2/25/2014,Feb-14,Rimi,CHIPOTLE 0771,6.84,F,STRSTR
2/25/2014,Feb-14,Rimi,COUNTY MARKET,4.70,G,STRSTR
2/24/2014,Feb-14,Rimi,AMBAR INDIA CHAMPAIGN IL,10.80,F,ONLSTR
2/23/2014,Feb-14,Rimi,TGI FRIDAYS,16.50,F,STRSTR
2/23/2014,Feb-14,Rimi,PANERA BREAD,13.22,F,STRSTR
2/23/2014,Feb-14,Rimi,JOE'S BREWERY,9.74,F,STRSTR
2/22/2014,Feb-14,Rimi,RAGSTOCK,13.04,C,STRSTR
2/21/2014,Feb-14,Rimi,BANGKOK THAI,6.65,F,STRSTR
2/18/2014,Feb-14,Rimi,COLDSTONE,6.85,F,ONLSTR
2/17/2014,Feb-14,Rimi,PANDA EXPRESS,7.22,F,STRSTR
2/17/2014,Feb-14,Rimi,LEGENDS ,8.00,F,STRSTR
2/16/2014,Feb-14,Rimi,PIZZA HUT,16.54,F,ONLONL
2/14/2014,Feb-14,Rimi,WALGREENS,1.53,G,STRSTR
2/14/2014,Feb-14,Rimi,BANGKOK THAI,5.55,F,STRSTR
2/13/2014,Feb-14,Rimi,HOBBY LOBBY,29.88,G,STRSTR
2/13/2014,Feb-14,Rimi,DEN,37.04,F,STRSTR
2/13/2014,Feb-14,Rimi,DEN,37.29,F,STRSTR
2/13/2014,Feb-14,Rimi,TACO BELL #16248,4.69,F,STRSTR
2/12/2014,Feb-14,Rimi,TORTICAS GRILL,18.00,F,STRSTR
2/12/2014,Feb-14,Rimi,PENN STATION,8.85,F,STRSTR
2/11/2014,Feb-14,Rimi,COUNTY MARKET ,2.34,G,STRSTR
2/10/2014,Feb-14,Rimi,EASTSTREET.COM,13.38,F,ONLONL
2/10/2014,Feb-14,Rimi,COUNTY MARKET,3.01,G,STRSTR
2/9/2014,Feb-14,Rimi,BANGKOK THAI,8.75,F,STRSTR
2/9/2014,Feb-14,Rimi,COUNTYMARKET,1.41,G,STRSTR
2/9/2014,Feb-14,Rimi,BANGKOK THAI,8.75,F,STRSTR
2/8/2014,Feb-14,Rimi,ANTONIOS PIZZA,5.35,F,STRSTR
2/6/2014,Feb-14,Rimi,WALGREENS,13.59,G,STRSTR
2/6/2014,Feb-14,Rimi,MURPHY'S PUB,11.00,F,STRSTR
2/5/2014,Feb-14,Rimi,LEGENDS,23.00,F,STRSTR
2/4/2014,Feb-14,Rimi,COUNTY MARKET,28.75,G,STRSTR
2/2/2014,Feb-14,Rimi,COUNTY MARKET,8.84,G,STRSTR
2/2/2014,Feb-14,Rimi,APRICOT LANE CHAMPAIGN,23.38,C,STRSTR
2/1/2014,Feb-14,Rimi,COUNTY MARKET,12.52,G,STRSTR
2/1/2014,Feb-14,Rimi,SEVEN SAINTS,4.50,F,STRSTR
2/1/2014,Feb-14,Rimi,COUNTY MARKET,3.26,G,STRSTR
2/1/2014,Feb-14,Rimi,COUNTY MARKET,6.86,G,STRSTR
2/1/2014,Feb-14,Rimi,DESTIHL,22.49,F,STRSTR
1/31/2014,Jan-14,Rimi,COUNTY MARKET ,0.96,G,STRSTR
1/31/2014,Jan-14,Rimi,COUNTY MARKET,46.93,G,STRSTR
1/28/2014,Jan-14,Rimi,COUNTY MARKET,55.43,G,STRSTR
1/24/2014,Jan-14,Rimi,BANGKOK THAI,5.55,F,STRSTR
1/24/2014,Jan-14,Rimi,SUSHI ROCK,9.37,F,STRSTR
1/20/2014,Jan-14,Rimi,ULTA,36.00,G,ONLSTR
1/20/2014,Jan-14,Rimi,COUNTY MARKET,13.06,G,STRSTR
1/20/2014,Jan-14,Rimi,TACO BELL #16248,8.03,F,STRSTR
1/18/2014,Jan-14,Rimi,FOREVER 21,28.44,C,STRSTR
1/18/2014,Jan-14,Rimi,EXPRESS,8.70,C,STRSTR
11/2/2013,Nov-13,Shruthi,JIYA BEAUTY SALON CHAMPAIGN,14,S,STRSTR
11/3/2013,Nov-13,Shruthi,COUNTY MARKET 515,6.50,G,STRSTR
11/5/2013,Nov-13,Shruthi,BEVANDE ,2.90,F,STRSTR
11/6/2013,Nov-13,Shruthi,COUNTY MARKET 515,28.91,G,STRSTR
11/7/2013,Nov-13,Shruthi,BEVANDE URBANA,2.90,F,STRSTR
11/13/2013,Nov-13,Shruthi,BEVANDE URBANA,2.90,F,STRSTR
11/15/2013,Nov-13,Shruthi,WAL-MART #3255 ,71.34,G,ONLONL
11/15/2013,Nov-13,Shruthi,MIRCH MASALA GROCERY,23.12,G,STRSTR
11/20/2013,Nov-13,Shruthi,COUNTY MARKET 515,34.36,G,STRSTR
11/26/2013,Nov-13,Shruthi,MIRCH MASALA GROCERY,5.32,G,STRSTR
11/26/2013,Nov-13,Shruthi,COUNTY MARKET 515,20.86,G,STRSTR
11/27/2013,Nov-13,Shruthi,DAIRY QUEEN #11400,28.94,F,STRSTR
11/27/2013,Nov-13,Shruthi,MARATHON PETRO101717,20.10,S,STRSTR
1/3/2014,Jan-14,Shruthi,SUBWAY 0000,4.37,F,STRSTR
12/3/2013,Dec-13,Shruthi,MIRCH MASALA GROCERY CHAMPAIGN US,24.52,G,STRSTR
12/3/2013,Dec-13,Shruthi,COUNTY MARKET 515 CHAMPAIGN US,27.67,F,STRSTR
12/22/2013,Dec-13,Shruthi,WAL-MART #1734 CHAMPAIGN US,26.52,C,ONLSTR
12/24/2013,Dec-13,Shruthi,WAL-MART #1734 CHAMPAIGN US,16.03,C,ONLSTR
12/24/2013,Dec-13,Shruthi,OLD NAVY USA CHAMPAIGN US,31.45,C,STRSTR
12/24/2013,Dec-13,Shruthi,MACYS CHAMPAIGN,15.37,C,ONLONL
12/25/2013,Dec-13,Shruthi,CANTEEN VENDING V,1.25,F,STRSTR
1/11/2014,Jan-14,Shruthi,COMCAST CHICAGO,67.08,S,ONLONL
1/13/2014,Jan-14,Shruthi,SUBWAY 0000,7.21,F,STRSTR
1/13/2014,Jan-14,Shruthi,BEVANDE,3.28,F,STRSTR
1/13/2014,Jan-14,Shruthi,AMEREN ILLINOIS ONLINE PMT,60.10,S,ONLONL
1/16/2014,Jan-14,Shruthi,DAIRY QUEEN #11400,7.72,F,STRSTR
1/16/2014,Jan-14,Shruthi,DAIRY QUEEN #11400,4.25,F,ONLSTR
1/18/2014,Jan-14,Shruthi,COUNTY MARKET 515,4.25,G,STRSTR
1/18/2014,Jan-14,Shruthi,POS 331 STOUGHTON STREE,27.00,S,STRSTR
1/19/2014,Jan-14,Shruthi,MIRCH MASALA GE,25.70,G,ONLSTR
1/19/2014,Jan-14,Shruthi,CASABLANCA K HOUSE,13.63,F,STRSTR
1/21/2014,Jan-14,Shruthi,PIZZA HUT,10.93,F,ONLSTR
1/23/2014,Jan-14,Shruthi,POS MEIJER INC 146 2401 N.,13.17,G,STRSTR
1/24/2014,Jan-14,Shruthi,CHIPOTLE 0771,13.66,F,STRSTR
1/25/2014,Jan-14,Shruthi,BEVANDE,3.28,F,STRSTR
2/2/2014,Feb-14,Shruthi,REYNOLDS TOWING SE,155.00,S,STRSTR
2/4/2014,Feb-14,Shruthi,COCA COLA CHARLEST,1.50,F,STRSTR
2/9/2014,Feb-14,Shruthi,AMEREN ILLINOIS ONLINE PMT,85.05,S,ONLONL
2/16/2014,Feb-14,Shruthi,AMERICAN WATER,52.90,S,ONLSTR
2/21/2014,Feb-14,Shruthi,MYSORE WOODLANDS,43.13,F,STRSTR
2/21/2014,Feb-14,Shruthi,JIMMY JOHN'S- MDSN,6.08,F,STRSTR
2/22/2014,Feb-14,Shruthi,SAVOY 16,5.13,S,ONLSTR
2/22/2014,Feb-14,Shruthi,SAVOY 16,16.00,S,ONLSTR
2/25/2014,Feb-14,Shruthi,CUSTOMIZED GIRL,30.64,C,STRONL
2/28/2014,Feb-14,Shruthi,POS OLD NAVY USA,91.26,C,STRONL
2/28/2014,Feb-14,Shruthi,AMAZON.COM Computer Mouse,10.21,E,ONLONL
3/1/2014,Mar-14,Shruthi,POS WALGREENS 407 E GREEN S,4.34,G,ONLSTR
3/4/2014,Mar-14,Shruthi,SITARA INDIAN REST,31.08,F,STRSTR
3/12/2014,Mar-14,Shruthi,GOOGLE *Voice,10.00,S,ONLONL
3/13/2014,Mar-14,Shruthi,AMEREN ILLINOIS ONLINE PMT,83.84,S,ONLONL
3/6/2014,Mar-14,Shruthi,TACO BELL #16248,6.21,F,STRSTR
3/9/2014,Mar-14,Shruthi,PAPA JOHN'S 00074.,50.32,F,STRONL
3/17/2014,Mar-14,Shruthi,MR. DELIVERY,22.59,F,ONLONL
3/20/2014,Mar-14,Shruthi,JIMMY JOHNS - 9003,13.50,F,ONLONL
3/23/2014,Mar-14,Shruthi,POS TARGET T0943 TARGET T09,77.24,C,ONLSTR
3/23/2014,Mar-14,Shruthi,MACYS CHAMPAIGN,49.50,C,STRSTR
3/24/2014,Mar-14,Shruthi,POS BATH & BODY WORKS,21.75,C,STRSTR
3/27/2014,Mar-14,Shruthi,GOOGLE *Glass,1593.75,E,ONLONL
2/10/2014,Feb-14,Shruthi,FEDEX 797828586392 Post,26.27,S,ONLSTR
2/17/2014,Feb-14,Shruthi,LOOKAFTER 21 Haircut,19.00,S,STRSTR
3/4/2014,Mar-14,Shruthi,POS MCKINLEY HEALTH CENTER,15.00,S,STRONL
3/24/2014,Mar-14,Shruthi,JG TRANSPORTATION,50.00,S,STRSTR
3/31/2014,Mar-14,Shruthi,REDBOX *DVD RENTAL,1.20,E,ONLSTR
4/14/2014,Apr-14,Shruthi,AUTO AIR & VACUUM,1.00,S,STRSTR
4/18/2014,Apr-14,Shruthi,POS 331 STOUGHTON STREE,11.72,G,STRSTR
4/21/2014,Apr-14,Shruthi,POS 331 STOUGHTON STREE,52.13,G,STRSTR
4/17/2014,Apr-14,Shruthi,EINSTEIN BRO BAGELS - U URBANA IL 04/16,1.97,F,STRSTR
4/17/2014,Apr-14,Shruthi,Payment to Chase card ending in 8222 04/17,72.71,C,ONLONL
4/16/2014,Apr-14,Shruthi,AMBAR INDIA CHAMPAIGN IL,19.60,F,STRSTR
4/8/2014,Apr-14,Shruthi,AMAZON.COM482114 Misc. Paym,339.38,E,STRONL
3/19/2014,Mar-14,Shruthi,COUNTY MARKET 5 CHAMPAIGN IL,40.56,G,STRSTR
3/7/2014,Mar-14,Shruthi,USCIS PHOENIX PAYMENT,380.00,S,ONLONL
1/27/2014,Jan-14,Shruthi,JIMMY JOHN'S # 90025 CHAMPAIGN IL 01/23,5.03,F,ONLONL
3/31/2014,Mar-14,Shugo,Starbucks,5.00,F,STRSTR
3/31/2014,Mar-14,Shugo,Meat Heads Burgers,3.33,F,STRSTR
3/31/2014,Mar-14,Shugo,Charter Communications,30.00,S,ONLONL
3/31/2014,Mar-14,Shugo,McDonald's,2.42,F,STRSTR
3/31/2014,Mar-14,Shugo,Metra Union Statio,5.75,S,STRSTR
3/31/2014,Mar-14,Shugo,Visionworks,19.00,E,ONLSTR
3/31/2014,Mar-14,Shugo,Intelligentsia Cof,4.82,F,STRSTR
3/31/2014,Mar-14,Shugo,Visionworks,19.00,E,ONLSTR
3/28/2014,Mar-14,Shugo,Culver Schaum,5.15,F,STRSTR
3/28/2014,Mar-14,Shugo,Starbucks,5.00,F,STRSTR
3/27/2014,Mar-14,Shugo,Check 1041,39.70,S,STRSTR
3/27/2014,Mar-14,Shugo,Cup Vine,4.39,F,STRSTR
3/26/2014,Mar-14,Shugo,Red Mango,3.10,F,STRSTR
3/26/2014,Mar-14,Shugo,Tony Finer Foods,10.82,G,STRSTR
3/25/2014,Mar-14,Shugo,Great Clips,10.00,S,STRSTR
3/24/2014,Mar-14,Shugo,Espresso Royale,3.06,F,STRSTR
3/24/2014,Mar-14,Shugo,Eb Tedxuiuc,15.00,S,ONLONL
3/21/2014,Mar-14,Shugo,Stree,1.62,G,STRSTR
3/20/2014,Mar-14,Shugo,Suburban Express,29.95,S,STRSTR
3/20/2014,Mar-14,Shugo,Espresso Royale,2.46,F,STRSTR
3/20/2014,Mar-14,Shugo,Stree,3.56,G,STRSTR
3/19/2014,Mar-14,Shugo,Basil Thai Urba,17.41,F,STRSTR
3/18/2014,Mar-14,Shugo,Sakanaya,18.85,F,STRSTR
3/17/2014,Mar-14,Shugo,Pavlov Media,29.99,S,ONLONL
3/17/2014,Mar-14,Shugo,Espresso Royale,2.40,F,STRSTR
3/17/2014,Mar-14,Shugo,Legend,6.00,F,STRSTR
3/17/2014,Mar-14,Shugo,Aroma Cafe,3.67,F,STRSTR
3/17/2014,Mar-14,Shugo,Buffalo Wild Wings,13.27,F,STRSTR
3/17/2014,Mar-14,Shugo,Meijer,38.07,G,STRSTR
3/17/2014,Mar-14,Shugo,Dairy Queen,3.15,F,STRSTR
3/14/2014,Mar-14,Shugo,Bevande,1.80,F,STRSTR
3/13/2014,Mar-14,Shugo,Espresso Royale,2.46,F,STRSTR
3/12/2014,Mar-14,Shugo,Bevande,2.08,F,STRSTR
3/11/2014,Mar-14,Shugo,Espresso Royale,3.00,F,STRSTR
3/10/2014,Mar-14,Shugo,Destihl Llc,13.09,F,STRSTR
3/10/2014,Mar-14,Shugo,Radio Maria,23.40,F,STRSTR
3/10/2014,Mar-14,Shugo,Taco Bell,3.37,F,STRSTR
3/7/2014,Mar-14,Shugo,Stree,18.71,G,STRSTR
3/6/2014,Mar-14,Shugo,Zorba Restaurant,7.02,F,STRSTR
3/6/2014,Mar-14,Shugo,Espresso Royale,2.46,F,STRSTR
3/6/2014,Mar-14,Shugo,Stree,24.51,G,STRSTR
3/5/2014,Mar-14,Shugo,University G Resident,460.95,S,STRONL
3/5/2014,Mar-14,Shugo,Starbucks,5.00,F,STRSTR
3/5/2014,Mar-14,Shugo,Panda Express,6.12,F,STRSTR
3/4/2014,Mar-14,Shugo,Panda Express,6.12,F,STRSTR
3/4/2014,Mar-14,Shugo,Cf Sales,13.25,E,STRSTR
3/4/2014,Mar-14,Shugo,Starbucks,5.00,F,STRSTR
3/4/2014,Mar-14,Shugo,Microsoft,10.61,E,ONLONL
3/4/2014,Mar-14,Shugo,Espresso Royale,2.19,F,STRSTR
3/3/2014,Mar-14,Shugo,Stree,4.02,G,STRSTR
3/3/2014,Mar-14,Shugo,Dunkin Donuts,3.49,F,STRSTR
2/28/2014,Feb-14,Shugo,Dunkin Donuts,3.27,F,STRSTR
2/28/2014,Feb-14,Shugo,Starbucks,1.52,F,STRSTR
2/28/2014,Feb-14,Shugo,Niro Gyros,7.10,F,STRSTR
2/28/2014,Feb-14,Shugo,Cravings,8.70,F,STRSTR
2/27/2014,Feb-14,Shugo,Dunkin Donuts,2.16,F,STRSTR
2/26/2014,Feb-14,Shugo,Bevande,2.08,F,STRSTR
2/26/2014,Feb-14,Shugo,Wendy's,3.68,F,STRSTR
2/26/2014,Feb-14,Shugo,Taco Bell,4.47,F,STRSTR
2/25/2014,Feb-14,Shugo,Stree,3.96,G,STRSTR
2/25/2014,Feb-14,Shugo,Jimmy John's,5.03,F,STRSTR
2/24/2014,Feb-14,Shugo,Murphy Pub,9.00,F,STRSTR
2/24/2014,Feb-14,Shugo,Dunkin Donuts,2.17,F,STRSTR
2/24/2014,Feb-14,Shugo,Panda Express,7.22,F,STRSTR
2/24/2014,Feb-14,Shugo,Legend,5.50,F,STRSTR
2/24/2014,Feb-14,Shugo,Espresso Royale,2.40,F,STRSTR
2/24/2014,Feb-14,Shugo,Legend,8.00,F,STRSTR
2/21/2014,Feb-14,Shugo,Bevande,2.08,F,STRSTR
2/20/2014,Feb-14,Shugo,Espresso Royale,2.46,F,STRSTR
2/20/2014,Feb-14,Shugo,Cravings,6.00,F,STRSTR
2/19/2014,Feb-14,Shugo,Namecheap,10.87,S,ONLONL
2/19/2014,Feb-14,Shugo,Cracked Truck,5.00,F,STRSTR
2/17/2014,Feb-14,Shugo,Stree,4.52,G,STRSTR
2/17/2014,Feb-14,Shugo,Withdrawal,240.00,E,ONLSTR
2/17/2014,Feb-14,Shugo,Antonios Pizza N,3.40,F,STRSTR
2/17/2014,Feb-14,Shugo,Pavlov Media,29.99,S,ONLONL
2/17/2014,Feb-14,Shugo,Aroma Cafe,3.67,F,STRSTR
2/17/2014,Feb-14,Shugo,Stree,4.06,G,STRSTR
2/14/2014,Feb-14,Shugo,Bevande,2.08,F,STRSTR
2/14/2014,Feb-14,Shugo,Check 1038,57.50,S,STRSTR
2/13/2014,Feb-14,Shugo,Espresso Royale,2.46,F,STRSTR
2/13/2014,Feb-14,Shugo,Kohl's,40.96,C,STRSTR
2/12/2014,Feb-14,Shugo,Bevande,1.80,F,STRSTR
2/11/2014,Feb-14,Shugo,Stree,1.30,G,STRSTR
2/10/2014,Feb-14,Shugo,Amazon,5.00,F,ONLONL
2/10/2014,Feb-14,Shugo,Espresso Royale,2.73,F,STRSTR
2/10/2014,Feb-14,Shugo,Firehaus,6.00,F,STRSTR
2/10/2014,Feb-14,Shugo,Fat Sandwich Compa,8.74,F,STRSTR
2/10/2014,Feb-14,Shugo,Aroma Cafe,1.10,F,STRSTR
2/10/2014,Feb-14,Shugo,Check 1040,146.10,S,STRSTR
2/10/2014,Feb-14,Shugo,Aroma Cafe,4.87,F,STRSTR
2/7/2014,Feb-14,Shugo,Jimmy John's,5.03,F,STRSTR
2/7/2014,Feb-14,Shugo,Bevande,2.08,F,STRSTR
2/6/2014,Feb-14,Shugo,Dunkin Donuts,1.96,F,STRSTR
2/6/2014,Feb-14,Shugo,University G Resident,460.95,S,STRONL
2/6/2014,Feb-14,Shugo,Dunkin Donuts,1.41,F,STRSTR
2/5/2014,Feb-14,Shugo,Panda Express,7.22,F,STRSTR
2/4/2014,Feb-14,Shugo,Stree,20.84,G,STRSTR
2/3/2014,Feb-14,Shugo,Legend,1.50,F,STRSTR
2/3/2014,Feb-14,Shugo,Legend,6.00,F,STRSTR
2/3/2014,Feb-14,Shugo,Stree,3.32,G,STRSTR
2/3/2014,Feb-14,Shugo,Dunkin Donuts,3.94,F,STRSTR
2/3/2014,Feb-14,Shugo,Cracked Truck,6.00,F,STRSTR
1/31/2014,Jan-14,Shugo,Stree,3.32,G,STRSTR
1/31/2014,Jan-14,Shugo,Espresso Royale,2.19,F,STRSTR
1/30/2014,Jan-14,Shugo,Dunkin Donuts,2.17,F,STRSTR
1/30/2014,Jan-14,Shugo,Cravings,6.00,F,STRSTR
1/30/2014,Jan-14,Shugo,Espresso Royale,2.46,F,STRSTR
1/30/2014,Jan-14,Shugo,Stree,4.32,G,STRSTR
1/29/2014,Jan-14,Shugo,Taco Bell,4.47,F,STRSTR
1/29/2014,Jan-14,Shugo,Sakanaya,27.21,F,STRSTR
1/29/2014,Jan-14,Shugo,Espresso Royale,2.19,F,STRSTR
1/29/2014,Jan-14,Shugo,Check 1036,28.89,S,STRSTR
1/28/2014,Jan-14,Shugo,U Il Ece,7.76,S,STRSTR
1/28/2014,Jan-14,Shugo,Aroma Cafe,3.16,F,STRSTR
1/27/2014,Jan-14,Shugo,Stree,3.82,G,STRSTR
1/27/2014,Jan-14,Shugo,Espresso Royale,2.19,F,STRSTR
1/27/2014,Jan-14,Shugo,Legend,3.00,F,STRSTR
1/27/2014,Jan-14,Shugo,Legend,2.00,F,STRSTR
1/27/2014,Jan-14,Shugo,Dunkin Donuts,2.94,F,STRSTR
1/24/2014,Jan-14,Shugo,Stree,5.29,G,STRSTR
1/23/2014,Jan-14,Shugo,Antonios Pizza N,5.65,F,STRSTR
1/23/2014,Jan-14,Shugo,Coldstone,5.56,F,STRSTR
1/23/2014,Jan-14,Shugo,Stree,1.08,G,STRSTR
1/23/2014,Jan-14,Shugo,Stree,1.71,G,STRSTR
1/21/2014,Jan-14,Shugo,Murphy Pub,2.50,F,STRSTR
1/21/2014,Jan-14,Shugo,Stree,2.17,G,STRSTR
1/20/2014,Jan-14,Shugo,O'Reilly Auto Parts,6.53,S,STRSTR
1/20/2014,Jan-14,Shugo,Sam's Club,14.09,G,STRSTR
1/20/2014,Jan-14,Shugo,Siena Tavern,12.31,F,STRSTR
1/20/2014,Jan-14,Shugo,Theatre,17.00,S,STRSTR
1/20/2014,Jan-14,Shugo,Stree,16.86,G,STRSTR
1/20/2014,Jan-14,Shugo,Metra,11.50,S,STRSTR
1/17/2014,Jan-14,Shugo,Pin Bowling Lou,11.85,S,STRSTR
1/17/2014,Jan-14,Shugo,Pin Bowling Lou,5.00,F,STRSTR
1/17/2014,Jan-14,Shugo,Sushi Samba Rio,41.54,F,STRSTR
1/17/2014,Jan-14,Shugo,Crumbs River North,2.43,F,STRSTR
1/17/2014,Jan-14,Shugo,Panda Express,7.50,F,STRSTR
1/16/2014,Jan-14,Shugo,Dunkin Donuts,3.36,F,STRSTR
1/16/2014,Jan-14,Shugo,Crumbs River North,2.43,F,STRSTR
1/16/2014,Jan-14,Shugo,Potbelly Sandwich Works,6.41,F,STRSTR
1/15/2014,Jan-14,Shugo,McDonald's,3.85,F,STRSTR
1/15/2014,Jan-14,Shugo,Naf Naf Grill,8.04,F,STRSTR
1/14/2014,Jan-14,Shugo,Noodles & Company,10.20,F,STRSTR
1/13/2014,Jan-14,Shugo,Lou Malnati Pizz,3.56,F,STRSTR
1/13/2014,Jan-14,Shugo,Starbucks,1.47,F,STRSTR
1/13/2014,Jan-14,Shugo,Korean Place,7.74,F,STRSTR
1/10/2014,Jan-14,Shugo,Cosi,10.37,F,STRSTR
1/9/2014,Jan-14,Shugo,Dunkin Donuts,2.27,F,STRSTR
1/9/2014,Jan-14,Shugo,Metra,57.50,S,STRSTR
1/9/2014,Jan-14,Shugo,Bruno's,6.18,F,STRSTR
1/9/2014,Jan-14,Shugo,Kitche,6.54,F,STRSTR
1/9/2014,Jan-14,Shugo,McDonald's,2.53,F,STRSTR
1/6/2014,Jan-14,Shugo,Menard,1.62,E,STRSTR
1/6/2014,Jan-14,Shugo,Epic Burger,10.02,F,STRSTR
1/6/2014,Jan-14,Shugo,Crumbs River North,2.43,F,STRSTR
1/3/2014,Jan-14,Shugo,McDonald's,2.53,F,STRSTR
1/3/2014,Jan-14,Shugo,Taco Bell,4.60,F,STRSTR
1/2/2014,Jan-14,Shugo,Dunkin Donuts,2.27,F,STRSTR
1/2/2014,Jan-14,Shugo,K Kitchen,6.06,F,STRSTR
1/2/2014,Jan-14,Shugo,Dunkin Donuts,2.27,F,STRSTR
1/2/2014,Jan-14,Shugo,Jewel,5.43,F,STRSTR
12/31/2013,Dec-13,Shugo,Metra,57.50,S,STRSTR
12/31/2013,Dec-13,Shugo,Cosi,7.17,F,STRSTR
12/31/2013,Dec-13,Shugo,U Il Tuition,41.00,S,ONLSTR
12/30/2013,Dec-13,Shugo,South Barringto,7.63,S,STRSTR
12/27/2013,Dec-13,Shugo,AMC,21.50,S,STRSTR
12/26/2013,Dec-13,Shugo,IHOP,14.08,F,STRSTR
12/23/2013,Dec-13,Shugo,Mulan,40.32,C,ONLSTR
12/23/2013,Dec-13,Shugo,Fye,19.61,S,ONLSTR
12/23/2013,Dec-13,Shugo,Icing D W,41.97,C,STRSTR
12/23/2013,Dec-13,Shugo,Get Happy Woodfi,1.84,F,STRSTR
12/18/2013,Dec-13,Shugo,Stree,2.60,G,STRSTR
12/18/2013,Dec-13,Shugo,Dunkin Donuts,2.17,F,STRSTR
12/18/2013,Dec-13,Shugo,Starbucks,5.00,F,STRSTR
12/18/2013,Dec-13,Shugo,Espresso Royale,2.84,F,STRSTR
12/17/2013,Dec-13,Shugo,Charter Communications,30.00,S,ONLONL
12/17/2013,Dec-13,Shugo,Panera Bread,8.84,F,STRSTR
12/17/2013,Dec-13,Shugo,Antonios Pizza N,2.15,F,STRSTR
12/17/2013,Dec-13,Shugo,Sakanaya,30.00,F,STRSTR
12/16/2013,Dec-13,Shugo,Stree,1.30,G,STRSTR
12/16/2013,Dec-13,Shugo,Stree,3.87,G,STRSTR
12/16/2013,Dec-13,Shugo,Espresso Royale,2.73,F,STRSTR
12/13/2013,Dec-13,Shugo,Stree,6.24,G,STRSTR
12/12/2013,Dec-13,Shugo,Stree,3.28,G,STRSTR
12/12/2013,Dec-13,Shugo,Stree,4.54,G,STRSTR
12/12/2013,Dec-13,Shugo,Starbucks,5.00,F,STRSTR
12/11/2013,Dec-13,Shugo,Stree,5.10,G,STRSTR
12/10/2013,Dec-13,Shugo,Cravings,6.00,F,STRSTR
12/10/2013,Dec-13,Shugo,Panera Bread,4.79,F,STRSTR
12/10/2013,Dec-13,Shugo,Dunkin Donuts,3.49,F,STRSTR
12/9/2013,Dec-13,Shugo,Starbucks,5.00,F,STRSTR
12/9/2013,Dec-13,Shugo,Chipotle,7.27,F,STRSTR
12/9/2013,Dec-13,Shugo,Stree,1.96,G,STRSTR
12/9/2013,Dec-13,Shugo,Antonios Pizza N,5.00,F,STRSTR
12/9/2013,Dec-13,Shugo,Clybourne,1.00,F,STRSTR
12/9/2013,Dec-13,Shugo,Clybourne,2.00,F,STRSTR
12/9/2013,Dec-13,Shugo,Stree,0.75,G,STRSTR
12/9/2013,Dec-13,Shugo,Clybourne,2.00,F,STRSTR
12/9/2013,Dec-13,Shugo,Dunkin Donuts,2.17,F,STRSTR
12/9/2013,Dec-13,Shugo,Stree,1.21,G,STRSTR
12/9/2013,Dec-13,Shugo,Legend,2.00,F,STRSTR
12/9/2013,Dec-13,Shugo,Bevande,2.08,F,STRSTR
12/6/2013,Dec-13,Shugo,Stree,3.24,G,STRSTR
12/6/2013,Dec-13,Shugo,Dunkin Donuts,2.17,F,STRSTR
12/6/2013,Dec-13,Shugo,Espresso Royale,2.19,F,STRSTR
12/5/2013,Dec-13,Shugo,Check 1149,458.00,S,ONLSTR
12/5/2013,Dec-13,Shugo,Espresso Royale,2.46,F,STRSTR
12/5/2013,Dec-13,Shugo,Check 1150,458.00,S,ONLSTR
12/3/2013,Dec-13,Shugo,Stree,4.23,G,STRSTR
12/2/2013,Dec-13,Shugo,Sam's Club,6.09,G,STRSTR
12/2/2013,Dec-13,Shugo,Menard,24.09,E,STRSTR
12/2/2013,Dec-13,Shugo,Starbucks,5.00,F,STRSTR
12/2/2013,Dec-13,Shugo,Amazon,27.91,E,ONLONL
12/2/2013,Dec-13,Shugo,Yogurtland,7.10,F,STRSTR
11/29/2013,Nov-13,Shugo,Sam's Club,106.82,F,STRSTR
11/29/2013,Nov-13,Shugo,Pizanos Pizza,11.11,F,STRSTR
11/29/2013,Nov-13,Shugo,Great Clips,8.99,S,STRSTR
11/29/2013,Nov-13,Shugo,Target,5.45,C,STRSTR
11/27/2013,Nov-13,Shugo,McDonald's,5.52,F,STRSTR
11/27/2013,Nov-13,Shugo,McDonald's,1.11,F,STRSTR
11/27/2013,Nov-13,Shugo,Metra,11.50,S,STRSTR
11/27/2013,Nov-13,Shugo,McDonald's,1.32,F,STRSTR
11/25/2013,Nov-13,Shugo,Antonios Pizza N,2.50,F,STRSTR
11/25/2013,Nov-13,Shugo,Charter Communications,55.00,S,ONLONL
11/25/2013,Nov-13,Shugo,Bangkok Thai,8.65,F,STRSTR
11/22/2013,Nov-13,Shugo,Stree,4.33,G,STRSTR
11/22/2013,Nov-13,Shugo,Espresso Royale,2.19,F,STRSTR
11/21/2013,Nov-13,Shugo,Stree,9.02,G,STRSTR
11/21/2013,Nov-13,Shugo,Espresso Royale,2.46,F,STRSTR
11/20/2013,Nov-13,Shugo,Dunkin Donuts,3.49,F,STRSTR
11/19/2013,Nov-13,Shugo,Check 1146,26.69,S,STRSTR
11/19/2013,Nov-13,Shugo,Stree,7.02,G,STRSTR
11/19/2013,Nov-13,Shugo,Stree,2.95,G,STRSTR
11/19/2013,Nov-13,Shugo,Dunkin Donuts,2.17,F,STRSTR
11/19/2013,Nov-13,Shugo,Subway,6.55,F,STRSTR
11/19/2013,Nov-13,Shugo,Cravings,9.83,F,STRSTR
11/18/2013,Nov-13,Shugo,Antonios Pizza N,2.15,F,STRSTR
11/18/2013,Nov-13,Shugo,Stree,3.87,G,STRSTR
11/18/2013,Nov-13,Shugo,Espresso Royale,2.19,F,STRSTR
11/18/2013,Nov-13,Shugo,Dunkin Donuts,2.93,F,STRSTR
11/18/2013,Nov-13,Shugo,Legend,2.50,F,STRSTR
11/14/2013,Nov-13,Shugo,Check 1147,7.00,S,STRSTR
11/14/2013,Nov-13,Shugo,Stree,2.82,G,STRSTR
11/13/2013,Nov-13,Shugo,Stree,13.41,G,STRSTR
11/13/2013,Nov-13,Shugo,Espresso Royale,2.19,F,STRSTR
11/12/2013,Nov-13,Shugo,Stree,3.47,G,STRSTR
11/12/2013,Nov-13,Shugo,Sq Latte Da,2.13,F,STRSTR
11/11/2013,Nov-13,Shugo,Legend,2.00,F,STRSTR
11/11/2013,Nov-13,Shugo,Stree,6.92,G,STRSTR
11/11/2013,Nov-13,Shugo,Outback,20.00,F,STRSTR
11/11/2013,Nov-13,Shugo,Espresso Royale,2.19,F,STRSTR
11/11/2013,Nov-13,Shugo,Sq Sudden Impact,30.00,S,ONLONL
11/11/2013,Nov-13,Shugo,Stree,8.69,G,STRSTR
11/8/2013,Nov-13,Shugo,Cracked Truck,6.00,F,STRSTR
11/8/2013,Nov-13,Shugo,Aroma Cafe,3.06,F,STRSTR
11/8/2013,Nov-13,Shugo,Cravings,11.96,F,STRSTR
11/8/2013,Nov-13,Shugo,Espresso Royale,2.40,F,STRSTR
11/7/2013,Nov-13,Shugo,Bevande,1.80,F,STRSTR
11/6/2013,Nov-13,Shugo,Espresso Royale,1.86,F,STRSTR
11/5/2013,Nov-13,Shugo,Check 1145,451.00,S,ONLSTR
11/5/2013,Nov-13,Shugo,Antonios Pizza N,2.15,F,STRSTR
11/5/2013,Nov-13,Shugo,Stree,18.72,G,STRSTR
11/4/2013,Nov-13,Shugo,Cravings,5.98,F,STRSTR
11/4/2013,Nov-13,Shugo,Legend,1.50,F,STRSTR
11/4/2013,Nov-13,Shugo,Zas Italian Cafe,7.65,F,STRSTR
11/1/2013,Nov-13,Shugo,Brothers,27.22,F,STRSTR
11/1/2013,Nov-13,Shugo,Papa D Bar,3.60,F,STRSTR
11/4/2013,Nov-13,Lavanya,DUANE READE NEW YORK NY,13.81,G,STRSTR
11/4/2013,Nov-13,Lavanya,PANERA BREAD,9.28,F,STRSTR
11/5/2013,Nov-13,Lavanya,STARBUCKS,4.70,F,STRSTR
11/6/2013,Nov-13,Lavanya,CHIPOTLE,6.83,F,STRSTR
11/7/2013,Nov-13,Lavanya,ZAS ITALIAN CAFE - CHA CHAMPAIGN IL,7.65,F,STRSTR
11/8/2013,Nov-13,Lavanya,BANGKOK THAI INC CHAMPAIGN IL,8.65,F,STRSTR
11/8/2013,Nov-13,Lavanya,COUNTY MARKET 515 CHAMPAIGN IL,16.09,G,STRSTR
11/9/2013,Nov-13,Lavanya,ANTONIOS PIZZA - NEW CHAMPAIGN IL,9.30,F,STRSTR
11/10/2013,Nov-13,Lavanya,AMBAR INDIA CHAMPAIGN IL,10.00,F,STRSTR
11/11/2013,Nov-13,Lavanya,STARBUCKS,4.37,F,STRSTR
11/12/2013,Nov-13,Lavanya,COLDSTONE #22162 CHAMPAIGN IL,4.58,F,STRSTR
11/15/2013,Nov-13,Lavanya,METRA UNION STATION CSHAPERO@FAIRIL,6.75,S,STRSTR
11/15/2013,Nov-13,Lavanya,POTBELLY 071 CHICAGO IL,8.84,F,STRSTR
11/17/2013,Nov-13,Lavanya,ONLINE FOOD ORDER - EC BALTIMORE MD,21.66,F,ONLONL
11/18/2013,Nov-13,Lavanya,CHIPOTLE 0771 CHAMPAIGN IL,8.79,F,STRSTR
11/19/2013,Nov-13,Lavanya,DAIRY QUEEN #11400 URBANA IL,3.59,F,STRSTR
11/20/2013,Nov-13,Lavanya,BEVANDE URBANA IL,3.99,F,STRSTR
11/22/2013,Nov-13,Lavanya,STARBUCKS,10.00,F,STRSTR
11/23/2013,Nov-13,Lavanya,PAPA JOHN'S,14.38,F,ONLONL
12/1/2013,Dec-13,Lavanya,MIRCH MASALA GROCERY,31.72,G,STRSTR
12/1/2013,Dec-13,Lavanya,PAPA DELS PIZZA CHAMPAIGN IL,3.95,F,STRSTR
12/1/2013,Dec-13,Lavanya,WALGREENS #1156 CHAMPAIGN IL,13.23,G,STRSTR
12/3/2013,Dec-13,Lavanya,CHIPOTLE 0771 CHAMPAIGN IL,6.83,F,STRSTR
12/4/2013,Dec-13,Lavanya,ZAS ITALIAN CAFE - CHA CHAMPAIGN IL,7.65,F,STRSTR
12/5/2013,Dec-13,Lavanya,CREPE DELICIOUS URBANA IL,8.58,F,STRSTR
12/5/2013,Dec-13,Lavanya,EINSTEIN'S #6182 STORE URBANA IL,4.10,F,STRSTR
12/5/2013,Dec-13,Lavanya,INSOMNIA COOKIES - JOH CHAMPAIGN IL,14.21,F,STRSTR
12/5/2013,Dec-13,Lavanya,POTBELLY 069 CHAMPAIGN IL,5.57,F,STRSTR
12/7/2013,Dec-13,Lavanya,BANGKOK THAI INC CHAMPAIGN IL,8.65,F,STRSTR
12/8/2013,Dec-13,Lavanya,COCOMERO LLC CHAMPAIGN IL10175,4.76,F,STRSTR
12/8/2013,Dec-13,Lavanya,SAKANAYA CHAMPAIGN IL,15.05,F,STRSTR
12/9/2013,Dec-13,Lavanya,STARBUCKS,11.39,F,STRSTR
12/10/2013,Dec-13,Lavanya,COUNTY MARKET 515 CHAMPAIGN IL,20.53,G,STRSTR
12/10/2013,Dec-13,Lavanya,JIMMY JOHNS - 90036 - URBANA IL,7.50,F,ONLONL
12/11/2013,Dec-13,Lavanya,COUNTY MARKET 515 CHAMPAIGN IL,20.51,G,STRSTR
12/11/2013,Dec-13,Lavanya,VENTRA VENDING 05302 CHICAGO IL,5.00,S,STRSTR
12/12/2013,Dec-13,Lavanya,THAI URBAN KITCHEN CHICAGO IL,26.20,F,STRSTR
12/13/2013,Dec-13,Lavanya,BEVANDE URBANA IL,6.06,F,STRSTR
12/14/2013,Dec-13,Lavanya,TACO BELL #16248 URBANA IL,6.75,F,STRSTR
12/15/2013,Dec-13,Lavanya,NOODLES & COMPANY 9502 CHAMPAIGN IL01555R,7.92,F,STRSTR
12/15/2013,Dec-13,Lavanya,STARBUCKS,10.00,F,STRSTR
12/16/2013,Dec-13,Lavanya,ZAS ITALIAN CAFE - CHA CHAMPAIGN IL,10.93,F,STRSTR
12/18/2013,Dec-13,Lavanya,COUNTY MARKET 515 CHAMPAIGN IL,10.11,G,STRSTR
12/18/2013,Dec-13,Lavanya,PANERA BREAD #1369 CHAMPAIGN IL,12.00,F,STRSTR
12/19/2013,Dec-13,Lavanya,CHIPOTLE 0771 CHAMPAIGN IL,6.83,F,STRSTR
12/21/2013,Dec-13,Lavanya,FLAT TOP GRILL #214 CHAMPAIGN IL513399,10.82,F,STRSTR
12/23/2013,Dec-13,Lavanya,TARGET VERNON HILLS IL,5.00,G,STRSTR
1/22/2014,Jan-14,Lavanya,CREPE DELICIOUS OF IL IN URBANA IL,5.99,F,STRSTR
1/22/2014,Jan-14,Lavanya,HOUSING DINING SERVICES,14.44,F,STRSTR
1/23/2014,Jan-14,Lavanya,BEYOND THE WALL STROUDSBURG PA,22.52,G,ONLONL
1/23/2014,Jan-14,Lavanya,STARBUCKS CARD RELOAD,10.00,F,ONLONL
1/27/2014,Jan-14,Lavanya,THINKGEEK INC,31.52,E,ONLONL
1/28/2014,Jan-14,Lavanya,JIMMY JOHN'S,6.80,F,ONLSTR
1/28/2014,Jan-14,Lavanya,NOODLES & COMPANY,10.11,F,STRSTR
1/28/2014,Jan-14,Lavanya,WALGREENS,31.30,G,STRSTR
1/29/2014,Jan-14,Lavanya,CREPE DELICIOUS,5.99,F,STRSTR
1/29/2014,Jan-14,Lavanya,INSOMNIA COOKIES,14.21,F,STRSTR
1/29/2014,Jan-14,Lavanya,WALGREENS,3.63,G,STRSTR
1/30/2014,Jan-14,Lavanya,PAPA JOHN'S,21.87,F,ONLONL
1/31/2014,Jan-14,Lavanya,BEVANDE,3.99,F,STRSTR
1/31/2014,Jan-14,Lavanya,CASABLANCA,6.18,F,STRSTR
1/31/2014,Jan-14,Lavanya,COUNTY MARKET,35.49,G,STRSTR
2/1/2014,Feb-14,Lavanya,MIRCH MASALA,25.69,G,STRSTR
2/1/2014,Feb-14,Lavanya,WALGREENS,4.67,G,STRSTR
2/3/2014,Feb-14,Lavanya,BEVANDE,3.99,F,STRSTR
2/4/2014,Feb-14,Lavanya,COUNTY MARKET,33.00,G,STRSTR
2/6/2014,Feb-14,Lavanya,BASIL THAI,8.71,F,STRSTR
2/7/2014,Feb-14,Lavanya,PANDA EXPRESS,7.22,F,STRSTR
2/8/2014,Feb-14,Lavanya,FLAT TOP GRILL,30.42,F,STRSTR
2/9/2014,Feb-14,Lavanya,NOODLES & COMPANY,9.56,F,STRSTR
2/11/2014,Feb-14,Lavanya,BEVANDE,3.99,F,STRSTR
2/12/2014,Feb-14,Lavanya,PANERA BREAD,9.30,F,STRSTR
2/15/2014,Feb-14,Lavanya,ESPRESSOROYAL,2.84,F,STRSTR
2/20/2014,Feb-14,Lavanya,BEVANDE,4.70,F,STRSTR
2/21/2014,Feb-14,Lavanya,PANERA BREAD,9.50,F,STRSTR
2/24/2014,Feb-14,Lavanya,WAL-MART,46.41,G,STRSTR
2/24/2014,Feb-14,Lavanya,ZAS ITALIAN CAFE,7.67,F,STRSTR
2/25/2014,Feb-14,Lavanya,BEVANDE,6.34,F,STRSTR
2/27/2014,Feb-14,Lavanya,WALGREENS,10.59,G,STRSTR
3/1/2014,Mar-14,Lavanya,AMC S BARRINGTON,6.75,S,STRSTR
3/1/2014,Mar-14,Lavanya,FANDANGO.COM,12.00,S,ONLONL
3/2/2014,Mar-14,Lavanya,MARIANOS,34.88,G,STRSTR
3/6/2014,Mar-14,Lavanya,PAPA JOHN'S,15.30,F,ONLONL
3/6/2014,Mar-14,Lavanya,ZAS ITALIAN CAFE,5.75,F,STRSTR
3/7/2014,Mar-14,Lavanya,NOODLES & COMPANY,8.76,F,STRSTR
3/10/2014,Mar-14,Lavanya,ZAS ITALIAN CAFE,8.49,F,STRSTR
3/11/2014,Mar-14,Lavanya,BEVIER CAFETERIA,3.27,F,STRSTR
3/11/2014,Mar-14,Lavanya,PANDA EXPRESS,1.92,F,STRSTR
3/12/2014,Mar-14,Lavanya,BEVANDE,3.99,F,STRSTR
3/13/2014,Mar-14,Lavanya,PAPA JOHN'S,10.00,F,ONLONL
3/14/2014,Mar-14,Lavanya,ANTONIOS PIZZA,3.40,F,STRSTR
3/17/2014,Mar-14,Lavanya,ESPRESSOROYAL,3.82,F,STRSTR
3/18/2014,Mar-14,Lavanya,TEDXUIUC,15.00,S,ONLONL
3/19/2014,Mar-14,Lavanya,BEVANDE,3.99,F,STRSTR
3/20/2014,Mar-14,Lavanya,BEVANDE,3.99,F,STRSTR
3/20/2014,Mar-14,Lavanya,COUNTY MARKET,21.76,G,STRSTR
3/20/2014,Mar-14,Lavanya,ONLINE FOOD ORDER,17.32,F,ONLONL
3/22/2014,Mar-14,Lavanya,ANTONIOS PIZZA,2.50,F,STRSTR
3/22/2014,Mar-14,Lavanya,THE BREAD COMPANY URBANA IL,28.67,F,STRSTR
3/23/2014,Mar-14,Lavanya,DAIRY QUEEN #11400 URBANA IL,2.73,F,STRSTR
3/24/2014,Mar-14,Lavanya,ONLINE FOOD ORDER,1.00,F,ONLONL
3/29/2014,Mar-14,Lavanya,DUNKIN,13.06,F,STRSTR
3/30/2014,Mar-14,Lavanya,AMAZON MKTPLACE,0.17,E,ONLONL
